N,Custom_VecAdd_us,Torch_Add_us
1048576,45.011043548583984,41.68510437011719
4194304,157.17506408691406,172.32656478881836
8388608,310.78338623046875,331.81190490722656
33554432,1237.2088432312012,1240.3392791748047
67108864,2535.710334777832,2494.182586669922
536870912,20581.15005493164,19883.790016174316
1073741824,496069.05460357666,516155.195236206
