N,Triton,Torch,CUDA
32768.000000,0.627442,0.261103,0.317002
65536.000000,0.636998,0.328104,0.417150
131072.000000,0.638450,0.362443,0.377546
524288.000000,0.632546,0.399496,0.443328
