kernel,tokens_per_sec
manual,5298373.215563396
flash,308574.43245581136
